[
    {
  "T1": [
    "per:cities_of_residence:Urban areas where an individual currently or previously maintained a permanent home address",
    "per:other_family: The other family members of the person.",
    "org:founded: The date when the organization was founded.",
    "per:origin: The cultural, national, or ethnic background of the person."
  ],
  "T2": [
    "per:cause_of_death: The cause of the person's death.",
    "org:dissolved: The date when the organization was dissolved.",
    "per:employee_of: The organization that the person is an employee of.",
    "org:member_of: the organizations that the organization is a member of."
  ],
  "T3": [
    "per:parents: The parents of the person.",
    "per:alternate_names: The alternate names of the person.",
    "org:top_members/employees: The top members or employees of the organization.",
    "per:siblings: The siblings of the person."
  ],
  "T4": [
    "per:stateorprovinces_of_residence: The state or province where the person resides or has resided.",
    "org:alternate_names: The alternate names of the organization.",
    "org:country_of_headquarters: The country where the organization's headquarters is located.",
    "per:country_of_birth: The country where the person was born."
  ],
  "T5": [
    "per:children: The children of the person.",
    "per:date_of_birth: The birth date of the person.",
    "org:founded_by: The founders of the organization.",
    "per:countries_of_residence: The countries where the person resides or has resided."
  ],
  "T6": [
    "per:schools_attended:Educational institutions where a person was formally enrolled as a student",
    "org:subsidiaries: The subsidiaries of the organization.",
    "org:members: The members of the organization.",
    "org:political/religious_affiliation: The political or religious affiliation of the organization."
  ],
  "T7": [
    "org:stateorprovince_of_headquarters: The state or province where the organization's headquarters is located.",
    "per:charges: The charges against the person.",
    "per:stateorprovince_of_birth: The state or province where the person was born.",
    "per:title: The title of the person."
  ],
  "T8": [
    "per:stateorprovince_of_death: The state or province where the person died.",
    "org:number_of_employees/members: The number of employees or members in the organization.",
    "per:city_of_death: The city where the person died.",
    "per:spouse: The spouse of the person."
  ],
  "T9": [
    "org:website: The website of the organization.",
    "per:age: The number of years the person has lived.",
    "per:city_of_birth: The city where the person was born.",
    "per:date_of_death: The date when the person died."
  ],
  "T10": [
    "org:shareholders: The shareholders of the organization.",
    "org:parents: The parent organizations.",
    "org:city_of_headquarters: The city where the organization's headquarters is located.",
    "per:religion: The religion of the person."
  ]
},
    {
    "T1": [
        "per:alternate_names: The alternate names of the person.",
        "org:founded: The date when the organization was founded.",
        "per:city_of_birth: The city where the person was born.",
        "per:employee_of: The organization that the person is an employee of."
    ],
    "T2": [
        "org:website: The website of the organization.",
        "org:member_of: the organizations that the organization is a member of. ",
        "org:shareholders: The shareholders of the organization.",
        "per:schools_attended: The educational institutions attended by the person."
    ],
    "T3": [
        "per:other_family: The other family members of the person.",
        "per:title: The title of the person.",
        "org:country_of_headquarters: The country where the organization's headquarters is located.",
        "per:charges: The charges against the person."
    ],
    "T4": [
        "per:cities_of_residence: The cities where the person resides or has resided.",
        "per:siblings: The siblings of the person.",
        "org:parents: The parent organizations.",
        "per:city_of_death: The city where the person died."
    ],
    "T5": [
        "org:number_of_employees/members: The number of employees or members in the organization.",
        "org:founded_by: The founders of the organization.",
        "per:date_of_birth: The birth date of the person.",
        "org:stateorprovince_of_headquarters: The state or province where the organization's headquarters is located."
    ],
    "T6": [
        "per:countries_of_residence: The countries where the person resides or has resided.",
        "per:religion: The religion of the person.",
        "per:date_of_death: The date when the person died.",
        "per:stateorprovince_of_death: The state or province where the person died."
    ],
    "T7": [
        "per:spouse: The spouse of the person.",
        "per:age: The number of years the person has lived.",
        "per:country_of_birth: The country where the person was born.",
        "per:stateorprovince_of_birth: The state or province where the person was born."
    ],
    "T8": [
        "per:cause_of_death: The cause of the person's death.",
        "org:dissolved: The date when the organization was dissolved.",
        "org:city_of_headquarters: The city where the organization's headquarters is located.",
        "org:members: The members of the organization."
    ],
    "T9": [
        "per:origin: The cultural, national, or ethnic background of the person.",
        "per:children: The children of the person.",
        "per:stateorprovinces_of_residence: The state or province where the person resides or has resided.",
        "org:political/religious_affiliation: The political or religious affiliation of the organization."
    ],
    "T10": [
        "per:parents: The parents of the person.",
        "org:top_members/employees: The top members or employees of the organization.",
        "org:subsidiaries: The subsidiaries of the organization.",
        "org:alternate_names: The alternate names of the organization."
    ]
},
    {
  "T1": [
    "per:stateorprovinces_of_residence: The state or province where the person resides or has resided.",
    "per:age: The number of years the person has lived.",
    "per:parents: The parents of the person.",
    "per:date_of_birth :The birth date of the person."
  ],
  "T2": [
    "org:political/religious_affiliation: The political or religious affiliation of the organization.",
    "per:schools_attended: The educational institutions attended by the person.",
    "per:cities_of_residence: The cities where the person resides or has resided.",
    "org:number_of_employees/members: The number of employees or members in the organization."
  ],
  "T3": [
    "org:subsidiaries: The subsidiaries of the organization.",
    "org:city_of_headquarters: The city where the organization's headquarters is located.",
    "per:children: The children of the person.",
    "org:stateorprovince_of_headquarters: The state or province where the organization's headquarters is located."
  ],
  "T4": [
    "per:employee_of: The organization that the person is an employee of.",
    "org:top_members/employees: The top members or employees of the organization.",
    "org:parents: The parent organizations.",
    "per:stateorprovince_of_birth: The state or province where the person was born."
  ],
  "T5": [
    "per:countries_of_residence: The countries where the person resides or has resided.",
    "per:religion: The religion of the person.",
    "org:founded: The date when the organization was founded.",
    "org:founded_by: The founders of the organization."
  ],
  "T6": [
    "per:stateorprovince_of_death: The state or province where the person died.",
    "org:country_of_headquarters: The country where the organization's headquarters is located.",
    "per:country_of_birth: The country where the person was born.",
    "per:other_family: The other family members of the person."
  ],
  "T7": [
    "org:alternate_names: The alternate names of the organization.",
    "per:alternate_names: The alternate names of the person.",
    "per:origin: The cultural, national, or ethnic background of the person.",
    "org:shareholders: The shareholders of the organization."
  ],
  "T8":[
    "org:website: The website of the organization.",
    "org:dissolved: The date when the organization was dissolved.",
    "org:member_of: the organizations that the organization is a member of.",
    "per:city_of_birth: The city where the person was born."
  ],
  "T9": [
    "per:date_of_death: The date when the person died.",
    "per:title: The title of the person.",
    "per:cause_of_death: The cause of the person's death.",
    "per:spouse: The spouse of the person."
  ],
  "T10": [
    "per:charges: The charges against the person.",
    "per:city_of_death: The city where the person died.",
    "per:siblings: The siblings of the person.",
    "org:members: The members of the organization."
  ]
},
    {
        "T1": ["per:schools_attended: The educational institutions attended by the person.", "per:origin: The cultural, national, or ethnic background of the person.", "per:age: The number of years the person has lived.", "per:stateorprovinces_of_residence: The state or province where the person resides or has resided."],
        "T2": ["org:stateorprovince_of_headquarters: The state or province where the organization's headquarters is located.", "per:parents: The parents of the person.", "per:date_of_birth: The birth date of the person.", "per:spouse: The spouse of the person."],
        "T3": ["per:cities_of_residence: The cities where the person resides or has resided.", "org:city_of_headquarters: The city where the organization's headquarters is located.", "org:political/religious_affiliation: The political or religious affiliation of the organization.", "org:shareholders: The shareholders of the organization."],
        "T4": ["per:alternate_names: The alternate names of the person.", "per:other_family: The other family members of the person.", "org:alternate_names: The alternate names of the organization.", "per:religion: The religion of the person."],
        "T5": ["org:dissolved: The date when the organization was dissolved.", "per:city_of_birth: The city where the person was born.", "org:website: The website of the organization.", "per:countries_of_residence: The countries where the person resides or has resided."],
        "T6": ["per:children: The children of the person.", "org:members: The members of the organization.", "per:charges: The charges against the person.", "per:siblings: The siblings of the person."],
        "T7": ["per:country_of_birth: The country where the person was born.", "per:title: The title of the person.", "org:top_members/employees: The top members or employees of the organization.", "per:date_of_death: The date when the person died."],
        "T8": ["per:stateorprovince_of_birth: The state or province where the person was born.", "org:member_of: the organizations that the organization is a member of. ", "per:stateorprovince_of_death: The state or province where the person died.", "org:founded: The date when the organization was founded."],
        "T9": ["org:number_of_employees/members: The number of employees or members in the organization.", "per:employee_of: The organization that the person is an employee of.", "org:parents: The parent organizations.", "org:founded_by: The founders of the organization."],
        "T10": ["per:city_of_death: The city where the person died.", "per:cause_of_death: The cause of the person's death.", "org:country_of_headquarters: The country where the organization's headquarters is located.", "org:subsidiaries: The subsidiaries of the organization."]
    },
    {
        "T1": ["org:alternate_names: Other names by which an organization is known or was previously known.", "per:charges: Legal charges that an individual has faced.", "per:schools_attended: Educational institutions that an individual has attended.", "per:cause_of_death: The reason or circumstances that led to an individual's death."],
        "T2": ["org:stateorprovince_of_headquarters: The state or province where an organization's main office is located.", "per:stateorprovinces_of_residence: The states or provinces where an individual has lived.", "per:city_of_birth: The city where an individual was born.", "per:country_of_birth: The country where an individual was born."],
        "T3": ["per:stateorprovince_of_death: The state or province where an individual died.", "per:date_of_birth: The date when an individual was born.", "org:number_of_employees/members: The count of employees or members that belong to an organization.", "per:cities_of_residence: The cities where an individual has resided."],
        "T4": ["org:top_members/employees: Key individuals or employees who hold significant positions within an organization.", "per:stateorprovince_of_birth: The state or province where an individual was born.", "per:siblings: Brothers or sisters of an individual.", "per:city_of_death: The city where an individual died."],
        "T5": ["org:founded: The date or year when an organization was established.", "per:age: The current age or the age at the time of death of an individual.", "org:members: Individuals who are part of an organization.", "org:parents: Parent organizations of a subsidiary or a smaller entity."],
        "T6": ["org:country_of_headquarters: The country where an organization's headquarters is located.", "org:shareholders: Individuals or entities that own shares in an organization.", "per:spouse: The husband or wife of an individual.", "org:founded_by: The person(s) or entity that established an organization."],
        "T7": ["org:member_of: the organizations that the organization is a member of. ", "per:religion: The religion of the person.", "per:alternate_names: Other names by which an individual is known or has been known.", "per:other_family: Other family members of an individual, not including parents, siblings, spouse, or children."],
        "T8": ["org:dissolved: The date or year when an organization was dissolved or ceased to exist.", "per:origin: The ethnic, cultural, or national background of an individual.", "per:employee_of: Organizations where an individual is or has been employed.", "org:city_of_headquarters: The city where an organization's main office is located."],
        "T9": ["org:subsidiaries: Companies that are owned or controlled by another organization.", "org:website: The official website or web address of an organization.", "per:countries_of_residence: The countries where an individual has lived.", "org:political/religious_affiliation: The political or religious groups that an organization is affiliated with."],
        "T10": ["per:parents: The father and mother of an individual.", "per:date_of_death: The date when an individual died.", "per:children: The sons and daughters of an individual.", "per:title: The official titles or honorifics held by an individual."]
    }
]