[
    {
        "T1": ["P156", "P84", "P39", "P276", "P410", "P241", "P177", "P264"],
        "T2": ["P412", "P361", "P1923", "P123", "P118", "P131", "P710", "P355"],
        "T3": ["P6", "P400", "P101", "P140", "P2094", "P364", "P150", "P466"],
        "T4": ["P449", "P674", "P991", "P495", "P1346", "P750", "P106", "P25"],
        "T5": ["P706", "P127", "P413", "P463", "P1408", "P59", "P86", "P740"],
        "T6": ["P206", "P17", "P136", "P800", "P4552", "P1001", "P931", "P135"],
        "T7": ["P3373", "P551", "P974", "P921", "P3450", "P137", "P937", "P178"],
        "T8": ["P26", "P1303", "P1435", "P527", "P155", "P27", "P58", "P57"],
        "T9": ["P403", "P306", "P175", "P102", "P1411", "P40", "P105", "P460"],
        "T10": ["P176", "P641", "P22", "P31", "P1344", "P407", "P1877", "P159"]
    },
    {
        "T1": ["P27", "P159", "P413", "P410", "P40", "P2094", "P137", "P1303"],
        "T2": ["P140", "P22", "P674", "P177", "P403", "P31", "P460", "P206"],
        "T3": ["P58", "P136", "P241", "P57", "P1408", "P264", "P921", "P175"],
        "T4": ["P364", "P1923", "P59", "P991", "P135", "P1877", "P102", "P155"],
        "T5": ["P101", "P361", "P156", "P86", "P551", "P463", "P449", "P106"],
        "T6": ["P400", "P123", "P118", "P3450", "P355", "P407", "P105", "P26"],
        "T7": ["P1001", "P17", "P4552", "P710", "P25", "P750", "P3373", "P176"],
        "T8": ["P131", "P412", "P1411", "P276", "P1344", "P527", "P800", "P84"],
        "T9": ["P931", "P495", "P39", "P178", "P974", "P466", "P1346", "P937"],
        "T10": ["P740", "P706", "P1435", "P641", "P6", "P150", "P306", "P127"]
    },
    {
        "T1": ["P674", "P176", "P118", "P39", "P937", "P449", "P155", "P463"],
        "T2": ["P175", "P413", "P264", "P206", "P159", "P495", "P102", "P150"],
        "T3": ["P641", "P101", "P3373", "P178", "P241", "P1411", "P27", "P1001"],
        "T4": ["P1303", "P106", "P1435", "P306", "P177", "P710", "P276", "P466"],
        "T5": ["P750", "P2094", "P355", "P140", "P105", "P410", "P403", "P460"],
        "T6": ["P412", "P26", "P57", "P86", "P25", "P407", "P931", "P156"],
        "T7": ["P1408", "P123", "P17", "P1877", "P527", "P58", "P740", "P6"],
        "T8": ["P137", "P364", "P1344", "P800", "P1923", "P59", "P31", "P40"],
        "T9": ["P135", "P974", "P3450", "P551", "P84", "P361", "P991", "P400"],
        "T10": ["P921", "P136", "P127", "P22", "P131", "P1346", "P706", "P4552"]
    },
    {
        "T1": ["P1408", "P413", "P800", "P991", "P527", "P131", "P31", "P674"],
        "T2": ["P1435", "P264", "P355", "P101", "P463", "P206", "P176", "P118"],
        "T3": ["P937", "P136", "P178", "P102", "P17", "P135", "P706", "P59"],
        "T4": ["P137", "P1303", "P974", "P106", "P1877", "P127", "P400", "P931"],
        "T5": ["P1411", "P740", "P40", "P150", "P1346", "P6", "P57", "P123"],
        "T6": ["P105", "P84", "P22", "P177", "P921", "P361", "P551", "P159"],
        "T7": ["P1344", "P410", "P449", "P641", "P86", "P466", "P364", "P403"],
        "T8": ["P58", "P39", "P710", "P241", "P155", "P140", "P26", "P1923"],
        "T9": ["P750", "P3450", "P4552", "P407", "P306", "P27", "P156", "P495"],
        "T10": ["P3373", "P1001", "P460", "P25", "P412", "P276", "P175", "P2094"]
    },
    {
        "T1": ["P137", "P135", "P921", "P674", "P206", "P1877", "P800", "P412"],
        "T2": ["P58", "P3450", "P495", "P740", "P40", "P400", "P25", "P364"],
        "T3": ["P6", "P26", "P1346", "P463", "P460", "P276", "P403", "P127"],
        "T4": ["P17", "P106", "P937", "P150", "P27", "P413", "P31", "P155"],
        "T5": ["P410", "P84", "P750", "P4552", "P59", "P118", "P355", "P1001"],
        "T6": ["P551", "P175", "P1411", "P177", "P86", "P991", "P101", "P407"],
        "T7": ["P1923", "P136", "P105", "P264", "P641", "P140", "P176", "P241"],
        "T8": ["P706", "P1435", "P466", "P1344", "P1408", "P22", "P102", "P57"],
        "T9": ["P159", "P306", "P2094", "P449", "P39", "P361", "P156", "P931"],
        "T10": ["P1303", "P123", "P131", "P710", "P178", "P527", "P974", "P3373"]
    }
]